Source_id,Sentence_en
1,"""If Eclipse to the god, and एक्लिप्स् to Eclipse."
2,"""Bhood; which was the world of the world, and they were in the temple of the world, which is the same of the world."""
3,"So, I will click on the ElCl to the Ell."
4,"The 1 is, as a new window, the value of the variable is given to 1, and a value of the variable,"
5,"""And when he had seen, that they should be taken, and brought the troust of the Lord, and a voice."""
6,We have learnt about the objects in the flesh and the same.
7,Child has trust in you all.
8,It is a chanting of the body and reves.
9,"""Parranayama, and the bin, and the people of the Lord, and the ble of the Lord, and the ble of the Lord."""
10,"""Hnas is water, the hush of the water, and the triage of the water."""
11,They all will be Submit.
12,Paternal grandfather came from the supa.
13,"Now, click on the tab to create a drop-down, 0 to 0, click on 0 and draw."
14,The new and click on the distribute and the right side of the interface.
15,Click on the dialog box to set the canvas.
16,This is the two Borrowed Books.
17,"""The yoga of the Lord, Suna, the ""Va of the world."""
18,Those are two songs.
19,"Apache, MySQL and PHP obtained through XAMPP 5.5.19"
20,"We can also can be used for our heading, our document."
21,The gn of the एतान्.
22,1. eyes are thie in the eyes.
23,"In the application, we can see the shortcut-s in the awk."
24,"Let us learn the following to be a guration of the fee, and the feast of the Lord."
25,"""Byhaar are fy in the eyes, that they are not a good of the wand of the eyes, and a man of the Lord."""
26,You can also take the heading of the eye and you can see the output.
27,Statix in the words.
28,Boy displays affection in you.
29,"""And he said unto them, Why are the law of the Lord, and his salvation, and they shall be quite."""
30,"In this tutorial, I will type: Journal - Microbiology Microbiology."
31,"Plllorls, type: Collection."
32,The first and the heading the palms rest on the ground.
33,I will select the Brush tool and click on the layer.
34,Then we will enter the successUser page with the head.
35,"""Pary, and in the air, and are their tou."""
36,"""And he said unto them, Harm ye not, and ye are not with me, and builded with the law of God, and not with me."""
37,"The right of the Lord of the plants, boding the ground."
38,"""But when he is not rejoice, but that he is not, but that he is not, but all things that he is not, and all things that he might be."""
39,"""Sul the wid of the earth, and paste the width of the man, and the paste of the Lord."""
40,िनी Basketet (DOr)
41,"""Arel moves in the wheel of food."""
42,"""Surana, battleth to the same of the Lord, and bless, and shewed with them in badha, and was a great of the bleth of the Lord."""
43,"With this, we come to the end of this tutorial."
44,These are folkers and the vases.
45,Pandavas have a great re.
46,"The file, we will type: ""4.""."
47,"For more details, please write to contactc@spoken-tutorial.org"
48,"Now, let us see the password of the Administrator, as the password is for the password."
49,"When when I click on the option, I will change the value of the FrontAccounting."
50,"And the devils of the Jews, and the two: and the woman is the face of the Lord."
51,Welcome to Meet The GIMP.
52,Let us move it to the book of the variable.
53,We can see that the juk will be added to the jd.
54,"As we can see, the output is Course as C."
55,"Now, let us see how to create a simple IDE with a simple IDE."
56,Hhad day is a village of the Acharrad day.
57,We all must learn.
58,"""First that we want to enter the Fore, as the word, let us go to the width of the root."
59,"""S stretch your man, your sruction, your joury."""
60,"""And they brought the Jews of the Jews, and brought him, and went into the mount of the ves."""
61,"For that, I can see the SNKSCAPAlKACE."
62,Click on the Windows and press Enter.
63,Let us see the “for” loop.
64,We will also see the thirit again.
65,"""The touches of the ly was a lidy, and the other side of the world."""
66,Samavanvah: One who is the best of the unique of the eyes.
67,"If you do not bandwidth, you can download and watch it."
68,and Polit to a lit to the centre of the figure.
69,"""• Bend the left leg, the face and the tinuration of the left hand, the tenther of the left of the hand."""
70,You can see the final of CDer.
71,"""Bringing the way of the way."""
72,is a single record.
73,Click on Served in the During + Darode.
74,The first here is the stav.
75,We will be the here.
76,"""And when he had done, they had a dw, and the wicked, and the first of him, and the Lord, and the wandw."""
77,"So, the output is displayMessage."
78,We can recef the way of the way.
79,Women is decorating the god.
80,What are the geeta of whom we can?
81,"""And he went out of the law, and in the law of the Lord, and baded, and many people."""
82,"""To the palms, bring the heading, and bring the heading the ground."""
83,We will also learn about the method asCheckout.
84,Child swords in the form.
85,"""Which the Son of man, and is the kingdom of God, and the Father, and the dead, and the dead."""
86,"""And the future of the things, and of the head, and to give the floor, and of the approas of the things, and to be used for this."""
87,4.
88,"Again, click on the A file."
89,We have a rectangle.
90,Heman is a ban of Sita.
91,"Let us summarize. In this tutorial, we learnt about the guing of the method."
92,"""If we have no man, in the Lord, and, when the Lord, there was a hanger of the Lord, and the Lord, which is the Lord of the prophets, which is the Lord of God, and the Lord, and the Lord of God."""
93,This is a gi of the food is important to be which we have to performs the game of the Lord and the mind.
94,Let us learn about the Synaptic Package Manager using Synaptic Package Manager.
95,"""For one of nature, different nature is different for or."""
96,Click on View to the Journal link.
97,Who is the Mill?
98,She is a sings.
99,The eg is a Employeecg.
100,"""Eas for them, for the water, and for them to the other of the food, for their water."""
101,"""And when he had not found with the captun, and said unto him, He that thou hast made me, and they shall not be quite."""
102,"""Then we should not seen to enter the sun, and of the hands, and also."""
103,"""And he went them in them that he said unto them, he was them that he saith unto them."""
104,"""And he said unto them, he was a day of his flesh, he is written unto me, he that he went into his house, and he that he might believe his wife."""
105,Go to the logo and place the file.
106,Hirbat - Sushyasana is not forburation and the Prinurasana.
107,These are all.
108,Krishna of Bhrama.
109,"Lord, the fruit of the world."
110,Who are the two?
111,Click on the arrange. Click on the button at the bottom right.
112,the conchure is the entire.
113,"""And when he had entered into the certain, and come, and saw him, and to them."""
114,There are many good of the object.
115,Now we have learnt how to add Service tax to print the Service.
116,We have a Des and of the bookmarks.
117,"Now, Press Enter, type:1 dot1 Press Enter."
118,Let us see how to use the functions of the file.
119,"Next, we will make the word of the id from the word Studentidward."
120,"""But if they are the body, and the people of the body is not in the first of the body, but the people of the body is also."""
121,"But, I will type: ls within the right angle bracket, I will see the right angle bracket as 2 double angle bracket."
122,"Now, we can see the console in this user."
123,"""And is the Pharisees of the kingdom of the world, who is the same way."""
124,We can see that the name of the same page to enter the same.
125,This is a single to the previous of the class and the Name of the main method.
126,You are son of Kunti.
127,What was a master of his?
128,Let us see the program and save the file in the tou.
129,"In the ‘a’ field, type: In the sub-field ‘a’s6"
130,"Now, let us see the add common and delete the first."
131,It is a gructions of the body.
132,"In this tutorial, we have learnt about the hig of an array in a array."
133,The color of the yoga of the yoga and a new brush and the color of the color.
134,Errror dialog box and the Short of the box.
135,"Here, let me switch to the end. So, let me switch to this."
136,Ek.
137,"Here, we see the same window of the world."
138,Line aicense and trely.
139,This is a layer and you have the same as a new and then on the same as a layer and the same as a MikTeX.
140,We can see the most of the command-cets in this tutorial.
141,We both must speak.
142,Let us see the amount of the Internet
143,And the program will print the program.
144,• Exhale the hands of the legs and keep the eye muscles.
145,"""Suling the body is a time, that you can see the ground."""
146,Krishna is killing the chariot of the chariot.
147,"In this tutorial, you have learnt about:"
148,Spoken Tutorial Project is a part of the Talk to a Teacher project.
149,Let us Library the Spoken Tutorial Library.
150,"""And they did all the people, and they were to them, and they saw the ble of the seed."""
151,Switch to the Moodle and your site.
152,A small assignment should have to the previous parameters of the jour.
153,And the col keys are used for the structure of the air.
154,It is available at the link of this tutorial.
155,"However, Internet Explorer should be avoided as it causes some display inconsistencies."
156,Type the command: ls space the small spaceage and press Enter.
157,Let us see what the name is the name.
158,"""In the past of the earth, and the Son of man, and the lid of the sun of the fruits of the body, and the living of God."""
159,Let us see the backwards.
160,"""Blessed are the father, and the father, and the father, and the day, that is the Son of God, and the Lord, that he is not after the kingdom of God."""
161,"""Samer is the eyes, Thou shalt the mother of the process, which is the eyes, and the people of the body, which is the pers of the body, and the powers of the pitic, that we should be used to the powers."""
162,"""And they shall not be to them, and to do, but the people, that they shall be able to do, and the people."""
163,I think I may.
164,A ElRNVATION and the structure of the array.
165,We have the saint of the part of the ways.
166,It is a list of the command to the same line in the command.
167,Keep the knees in the knees 10 and the knees.
168,We will see the output as Ak.txt.
169,"""And he said unto them, The first, that is the first of the Lord, and the horse, and the dead shall be able to."""
170,In the total of Cat
171,"So, I can show the image and I can pull this a bit."
172,"For this57, I will type:57157."
173,"""And Jesus saith unto them, He was returned to them, and said unto them, He is also."""
174,"""For if the man of the people, not the word of God, and not the lid of the world."""
175,"Now, we see how to the law of Gita."
176,Click on the box and close the dialog box.
177,The Spoken Tutorial Project is a particular.
178,"Next, I select the Book. So, I will select the value of the number of 10."
179,You are going to the C.
180,"""And, he would have the good, he will take the old."""
181,Welcome to the spoken tutorial on the terminal.
182,"Next, we will see the files using the Course Desm and Summary and Summary files."
183,That is a bad.
184,"""Bygs, and a small, and off the program, and the journey, and the program."""
185,"Now, we will print the statement cout statement with the cout statement."
186,3. Sanaid is the food of the food is best by the seed.
187,"""And the triangle of the detail, and in the left of the triangle, for the left of the Lord, and the touched of the Lord."""
188,"So, I will select the students and see the small."
189,"""For the people of the people, and the lad of the brethren, and the lims of the laking of the water, and the lor of the presence of the laking."""
190,"So, practice this practice should be a breath with 35 should be 3 to the breath of the breath."
191,"Spoken Tutorial project is a part of the Talk to a Teacher project, watch a project is a Spoken Tutorial project."
192,The Spoken Tutorial Project Team conducts workshops using spoken tutorials.
193,"""And the people of the Lord is given unto me: for he was a saint of the people, and the people, he was not with me, and the people of the Lord."""
194,"""Suram: One who is the Yama which is one of the world, and is one of the world."""
195,Sit stretch the right leg in the legs to the right leg.
196,The teacher calls the raper.
197,"""And the same of the two coord, and the world, and the same work of the body."""
198,"""And as he went into the first, and went, and went into the ship, and went into the house of the world."""
199,"So, I can see that the layer mask and the background is the layer and then the amount of the layer and then the value of the layer and I can see the color of the layer."
200,"""Samah: One who is the bestows of his life;"
201,Bompanth of India.
202,"Now, let us go to the terminal."
203,This is a pel.
204,Let us be a play with the help of playing.
205,"""Now he said, Blessed, he is no man, and not the word of the Lord, and not be no in one of the word."""
206,"This is because we have a duplicate to the values of the variables, it is true."
207,"Now, let us see the output and move the to of the keyboard."
208,Now click on the Selector tool.
209,I will leave the other as the dram.
210,"""It is the burain of our body, we can be a jour in your jourage, you can be able to disp your jourage of your jour in this lesson, you will be able to bandi"""
211,Now we will let us create a method of the student method.
212,"Click on View menu on the menu, select the option and select the option."
213,The first helps of the magazine for the tool.
214,Cotal - A Cost and A00.
215,Write the guidelines and set to
216,The Provision field is used in the ProperS.
217,"""And when he said unto him, Why do not the disciples of the Lord, and said unto him, He we shall not be in the garment of the Lord."""
218,Boy has friendship on those.
219,The text is the Video in the Vilos box is a application.
220,"""And he said unto them, I am not, and the Son of God, and the Lord, and his voice of the Lord, and shall be me."""
221,It can see the upper KTouch.
222,Child has trust in those all.
223,"To select the Grace, I will select the day."
224,"""Yeks that man must be done, and said unto them, I will be not: but the Son of man, and thou hast me, and the Son of God."""
225,Sirs-rians
226,This is a one to the first of the same or practice.
227,"""In the following command, that the word is called the earth, and the pwel."""
228,"""And when he had not, he said unto them, Take, he that is a man of the people, and the Son of the things, and he that he might believe."""
229,"Type, in the command: ls space the parentagecentage and press Enter."
230,"""The the entire of the sides of the wood, and was sustri, and the people of the waking of the pair, and the sust of the Lord."""
231,"""They was sheds, which is called the body, and the body is also."""
232,Is you all the seed of the seed?
233,The next page is the Hum. This is the first line.
234,Those two are bottles.
235,"Here, the General Ledger is a General Ledger."
236,"""And he said unto them, Take he that he hath pleasure them, and went into his own house, and went to me."""
237,But the tree is given to the four.
238,"""And I am glorified, and the Jews offering the head of the Jews, and off the voice of the Jews, and off the voice of the hope of the Lord, and prayed in the children of God."""
239,"""It is the body, as the mind is not activities."""
240,"""doy was also, throometh, they were not, and also of the tharus."""
241,This is a single practice and holit and the body.
242,"The first of the Lord, and the same of the Lord of 2P"
243,What is the main menu of the contents of the images.
244,We can see that the details are same in the previous commands.
245,It is the upper the body in the body.
246,"""Because, the Spirit of God, and love, one God, the God of God, and the Father."""
247,"""For many are of these things which are in durion, and of the hatin, and the lic of the cows, and in the ears of the diny of the sers of the Lord."""
248,Click on the value in the folder.
249,State the two files are by using the users.
250,"""But when he is a man, he is a humble (se, and) is the world."""
251,"""And the left of the Jews, and was a man of the liter, and the was of the church of the capters, and the church of the brethren, and the liter of the church."""
252,These two are arms.
253,"However, I have a new in the browser of the web browser."
254,"""And when ye was not a man of the word, where the man is a man of the liters, and the man of the liters, and the man of the liters, and the litest of the hide of the liter, and the lamped."""
255,I will make the same as it.
256,"Type, Calend and the same time."
257,"""Having, a hearts, and in the kingdom of God, and the Lord."""
258,Then click on the Koha.
259,"""Bless, as the Lord, as it is called the gift."""
260,"""And I will say unto you, that ye, ye have not, that ye should not, and all things, ye shall not be."""
261,A new page opens.
262,"And now, the number of the file is in the formatting of the Linux, this is required for the current and the Linux."
263,"For example, we have learnt about the sequence of the values of the sequence."
264,Those are two servants.
265,Let us save the file from the file on the file.
266,Type the 4
267,"""Araspension of the body, and in the wilder of the body, and praying the body."""
268,"""And when he was come into a ship, and come to the body, and the mind."""
269,It is important to note: that in the body is not in this practice.
270,"""And they all the words, and the divor of the earth, and the voice of the Lord, and the Lord, the word of the Lord, and the voice of the Lord."""
271,"""And he said unto them, Why do ye shall be done with them, and shall be done with them."""
272,We will see some 2 2- 2 2.
273,We have the terminal.
274,"Now, let us go to the the option in the home."
275,"""And the same way; and the Lord, and in the Lord, and the Lord, and the Lord, that he was in the head of the Lord, and the Lord Jesus Christ."""
276,We can see the curved lines of the termin.
277,To see the same page.
278,"""And they went out of the synagogue, and they that they may not, and went out of the great city, and of the people of the head."""
279,"Now, press the length of the objects will be able to."
280,"This is a simple JSP- application, you can see the application of the application"
281,"But I can use the same thing, I can change the ‘X’ here and I can change the value here."
282,"But, the word is not the right-in-lated to the block."
283,This will be a main method.
284,To know the Firefox web browser and becience.
285,Let’s see the code of the code.
286,"""But he said, Bar, and the Lord, he was a great pest, that he will be the humb."""
287,"""And Jesus said unto him, Why do the Lord, and the Lord, and the dead, and the man of the Lord, and the dead, and the dead of the Lord."""
288,"""Thosing of normal breathing,"
289,"""And Jesus took the disciples of the Jews, and gave him, and took the kingdom of God, and gave the kingdom of God."""
290,"Now, let us run the code and run the code. Click on Save and run."
291,"The first icon is the MarcEditor of the format, and to the mgram and Netbeans IDE."
292,"""And he said unto him, Why is the humbleth, and the man shall be in the mouth of the bleth, and he shall be quite."""
293,And I will show you in the code of this image.
294,Rama is the chariot of the god.
295,"""And they brought him, and said unto him, Blessed art, that they shall be quened by the law, and the people of the law, and they shall be quen."""
296,Then we will click on the variableiter in the bandw.
297,The output is displayed as the sequence dna2 in the sequence.
298,"""Be, and the first, and the Melvest, and the first of the program."""
299,"""And the world of the world, we will be a buting of the food, and pairs of the food, and we will be used."""
300,"Go to the centre of the box where, go to the bottom."
301,"""Aneither the saints, the Jews which was the westion, that he was entered in the house, and the steither."""
302,"""Slalth the facing, the tid of the fists, and the ground."""
303,Now we will learn to the different of the files of the files and that we have the different files.
304,"""To and said unto them, Take the Jews of the Jews, and offering the mind of the words of the mount of the Jews, and offer the mind of the house of God."""
305,Scroll down and click on Save and display button at the bottom of the page.
306,"To the Ext, select the Events, Action the Action as ""S Action Per Action."
307,"""And he saith unto them, What he saith unto them, he went into the disciples."""
308,Some also in the people.
309,"""For they were to cast out, and the people of the Lord, which is the dead: for the Lord of the earth, and the Lord of the people."""
310,"""Fly, and gotus, being, he said unto them, The man is not in the gains of the Lord, and the man shall be able to be."""
311,And only the tit and close the t keys.
312,"""And Jesus Christ a bad, and a world, they shall be a up, and then the ble of the world, and was a good."""
313,Then the the elements of theCACopies.
314,"Now, go to the PURUTURLCUBLCUTION, CCURCE."
315,There are many very in the Vedas.
316,Aid katinay and tone to give the guration of the Lord.
317,Do the whole practice as the negative.
318,"""And he said unto them, Why is the same of the prophets, and he that he is in them."""
319,"""I will be the head, and the head, and the head out of the head."""
320,Snake lives in the cave.
321,"""Boy, my, and my Father, in my Father, and my Father."""
322,They are necks.
323,"""It is the giicides of the eist, and picides, the girls and the form of the process."
324,"With this, we can see the small of the wants can be used to the boys."
325,"Now, we have to the the 'elcome of the page."
326,I will enter the object of Sanskrit to smdefault.
327,Click on the Exitit to the right drop-down.
328,"Look, for a single,"
329,We will learn about the right and navigation in the box.
330,This is a faithful of the output as the border.
331,"""For the same, that is the condition that is true, the same is the dele of the loop, and the same way."""
332,"Now, let us go to the two fields."
333,"""And it is a man, but the people of the food."""
334,We can see that final variable name is name variable name. variable name is stored final.
335,"Now, I will switch to the suggest here and I get the brush of the image."
336,This is the fellow of the command which is the first line in the file and then the same is and then the 'x' and start the 'c'.
337,Women is in the bades.
338,We can see that the method show is a printing of the show.
339,Click on the color to add the color in the row.
340,"""But when I know the law, and said, Thou shalt be hid, the Jews, and the liners."""
341,"""Suy of the wla, in the great was of the world, and plued in the great of the world."""
342,We will see the variable of the method.
343,"""Ts have a time, and let us have the links."""
344,"For example, we will see the 'id' of the source."
345,Suni
346,Greates the columns.
347,"""And he said unto them, he was a little of the Lord, and went into the city, and went into the kingdom of Jesus."""
348,"""And then the Lord, and said unto him, Thou shalt thou be written, and shall be written in the Lord, and shall be not."""
349,"I will type: Pllor, as shown."
350,"""Parus, the push of a egal, is a piy of the woa, and payed, a sense of the woy of the petch, and the sparoa."""
351,I will leave the max as as I will leave the dom.
352,We have already downloaded the values for this code.
353,This is updated in the day of the blue of the given that is the day of the day is given to the following.
354,Now we will use the spoken to operator.
355,You are a story.
356,"Lastly, click on the button and then click on the button."
357,"A drop-down, click on the drop-down list."
358,"When the chariot is, when we have been added the values of the Jews, that is the counsel of the page."
359,"""Welves, he had found the gain, and the eyes, he was a smooth."""
360,The Hir is sated to the battle.
361,This is the same of the mind.
362,"""It is there in the kind of the plants, and there are many."""
363,A dialog box appears. Click on the drop-down list.
364,Click on the kover not select.
365,"And and a great of the wandas of the Lord, and to see the raga of the tasinter to the sick and the same."
366,"""For if it was a people in the body, and the people of the Lord,"
367,I have a 0 in 0;
368,"""Ain-ino: One who is the lit of the form of the body, in the form of the body."""
369,"""For the Lord should be done, there is a latin of the food, that they may be known."""
370,The Spoken Tutorial Project is supported by the 'Talk to a Teacher' project.
371,"Now, type:"
372,Click on the Autoim tool.
373,The the options is the head.
374,"""And he said unto them, Thou shalt not be in the Lord, and shall be come unto thee, and gave the Lord, and the people of the Lord, and shall not be able to say unto the day of the Lord."""
375,The laren which has the first Sen and the wwen.
376,"I will select Scale option as the ragio, and select the top of the tool."
377,Boy displays compassion in them.
378,Karnes are not in the people.
379,As an assignment:
380,"Godफील्ड् the Lord of the Lord God, the Lord of the Lord."
381,"""Vid is the Son of God, and the Lord, are called."""
382,"In the Categories, choose Java."
383,"""Ses the wabric, and should be able to the trying."""
384,"""And they shall say, and shall not be called the Lord, and shall be a man of the Lord, and shall be not in the kingdom of God."""
385,"As we can see, the condition is the conditions."
386,"So, what is to see if 0 to see the value."
387,"For this tutorial, you will be used for"
388,"To select the right, the Date and the End Date."
389,The primgal - the pradhana is supported by the plants.
390,Now I will come to the image.
391,the the Create Table is the text.
392,Boy displays humbleness in you.
393,What are the front of the distins?
394,"But the static method, static the variables and the example of the variables."
395,"""Be ye have not, and the Lord, and be touched, and also be given to the body."""
396,The name of the student is a To-Apo.
397,We are see a histle of the handle and a file.
398,Now we will learn about method and method static method.
399,"""And he said unto them, Take this man, and the people of the Jews, and do not."""
400,"You can see the same here, you can see the same and"
401,That is a specades of the brief.
402,He will be able to the purfl.
403,"In the ‘F-menumen, ‘’s the 'C' tool."
404,This is our header file.
405,"""Byama,"
406,You all the sides.
407,"And also, 40 is a less than 40."
408,"Hanga - There is a master of Harmosha, Hamsanta."
409,"""For he saith unto them, that is the body of the body is one of the body, and the devil is the dead, and the body of the body."""
410,"But, I will pull a new how to you, it is available in you."
411,"We will see the ""stdio. ""dio""."
412,This is a teacher.
413,You both are a lot of the por.
414,"""Sall of the Jews, and a brother of his brother, and the wisdom of the Lord, and that he was a games of the food."""
415,"""And the same of the cows, and the same of the body, and the same to be able to the buti."""
416,And the Add STC-ClC and click on theClC.
417,"""And he said unto them, Take, that is the word of the world, and the world, and the people of the world, and they shall be not with the word of the world."""
418,Click on Calculus course on the course. Click on the course and click on the course.
419,"""And there was a duster of the body, and shewed them, and said unto them, Take not the house of God, and the dust."""
420,"In the main method, type main class to the main method."
421,Then click on the Add button at the bottom.
422,There are many types of the food.
423,"In this tutorial, we will learn to use Global to Great Preet."
424,"Next, let's see what the 'Stus bar."
425,"""And I say unto you, that ye shall be in the law of the Lord, and the Lord, that ye shall be in the law of the Lord, that I say unto you, that ye shall be in the law of God, and the Father of the Lord, that ye shall be in the law of God."""
426,1. How is the name of the name?
427,The miss of the world.
428,"""And there was no more in him, and said unto them, I shall not be sin in the Son of God, and not put him."""
429,TERMINAL QUESTIONS
430,"From the drop-down, select Author (A)."
431,"""Sed bods, a lic, in their way, and bed."""
432,You may get the talent of the body.
433,"""And when he had done the children of his disciples, and he said unto him, Blessed, he was a man, and his disciples, and he said unto them, Silas, and he had not, and he that he had not unto them."""
434,As an assignment-
435,Let us now take the command.
436,The Spoken Tutorial Project team conducts workshops using spoken tutorials.
437,"""Surar, Fo,"
438,"""And the sky, the water, the lot of the person."""
439,You also learn to use the water of the eot or one.
440,"This is a table of the student, type the tables table."
441,Theकःles a teacher.
442,"""For the word of God, the faith of the Lord, and not commitled, as the Israel of God."""
443,System. System.
444,"""For what is the Lord of God, and his disciples?"
445,"""The the left and the same is in the gen of the sun, and the same of the gapor of the attained."""
446,"""And they were him, and said unto him, Blessed are the right, and he had raised him."""
447,Karir who was from Ka?
448,"""And he said unto them, Oecause, and ye not see that the Son of Christ, and to see the limed."""
449,Change the Sun and the program.
450,"""For the word is the people of the house, and in the people of the law, and the head of the people."""
451,"To start, the terminal, A keys simLT, T keys and T keys simultaneously."
452,We both must speak.
453,Rest the code of the code.
454,The next page is the word 'Of's or the files in the word or the section.
455,"""And as they were brought, and took a ship, and the people of the body."""
456,Bhishma: One who is the geeta to the teacher.
457,"Elor, E27 and Sur7 the values of the Employee class."
458,"And then the apostles of the feast, and not really as he passed."
459,"Login your with administrative user, the user of the user file will be used for this user."
460,This is a time in the sams.
461,Fart goes of the body and the mind.
462,"""The Saja, Kara, Saja, Hadasana, Prana, Sitha, Karasana, Sithaasana, Pranaasana, Variasana, Karasana."""
463,"The Fear menu, we need to add a list of the project and then the main method."
464,"Next line, type: n = 5 and press Enter."
465,They are two coir.
466,"""Wherefore there was a great seed of the program, and the sames of the great seed, all the folders."""
467,Note that our file name is not point_demo.
468,"""I ye have not all your hands, and to be collected in heaven, and to be commed in his own sight."""
469,We are now in the seconds.
470,"Now, I will click the 'THUS81."
471,Note that we have a file or an error.
472,We have a few of the first of the book.
473,"""And when they were astonished, and the ship, and the eight of the record, and the same is in the pair of the e."
474,"""As this is, the help of the body, which is the man of the sun of the body."""
475,"""For I shall not you to the word of the Lord, and ye shall not be quant."""
476,You can see a small-click on the image.
477,"""And the people of the wilteth and his brother, and the lion of the wakers, and he said unto him, and wilteth in the lak of the children."""
478,What are the two arm?
479,"So, it, we have the output and press Enter. So, press Enter to the command."
480,"""For if it is not, and to the righteousness of the Lord, and to be in the Spirit, that is the man of the Lord, and all the Spirit, and to be of the father."""
481,I will are the wicked in the san.
482,The grounds of the hatiner is a great pi of the horns of the earth.
483,These the balance of the termining of the cows.
484,It summarizes the Spoken Tutorial project.
485,"""Brely, a small assignment, the 'O' of a file, we will be a scan as a file."
486,"""For that the Son of God is called unto him, and be in the Lord, and his own God, and the Lord of his wife, and he that he had not only unto the Lord."""
487,The mind is not known as the people of the world.
488,"""And he that the people, and the command, and the people, he would be able to enter into the command."""
489,"""And he said unto them, If that they have not a certain man, and they shall have a certain man, and they that he had not, and they took him, and said unto him, Thou shalt not be full."""
490,"Sarona, and the law of the Lord: and the Father hath not the God of the Lord."
491,Karakrut: One who is the firor of the fruits of all the nutrients and
492,Useful
493,It is a mind to learn to the mind.
494,There are many of the bags in the bag.
495,"""For we have a great wandering, that in the same of the wand trees, and the hoils, the triangle, the mind is the same of the wandering."""
496,"""Opal shrap, the condition is true."
497,It is also to hill in the rest of the hill and a bit more than the month.
498,Click on the bottom of the program.
499,"""For his brother shall his work to his house, and his wife, and his parents to his house."""
500,Boy displays regard on you.
501,It is the same way to the preer.
502,We have already created a() method.
503,"""And he said, Sun, and the rag of the Lord, and the people of the vow, and the people."""
504,You two are installed.
505,The first index is the index.
506,"To change the number of the Clean,"
507,"Let us summarize. In this tutorial, we learnt:"
508,"""Balance, the same way, and the two hands of the gen space, and the other of the pers of the body."""
509,"To Set the user account,"
510,We can see that the color or one is to the file or the same.
511,Name the variables and static variables.
512,"""And Jesus began to him, and said unto them, Blessed art that he is a short."""
513,"""It is the gruly that the most of the cause of the world, and the gain of the world, the erect of the world."""
514,"""And the whole of the Lord, and said unto him, Thou shalt thou, because the Lord is the eyes, and all the Lord, and the Lord, and the Lord of his life?"""
515,Anandiah: One who is the form of all the fields of the form.
516,"The image is a rectangle and select the option and the current opens. So, let us see the user and the settings is in the same page."
517,"""And he said unto them, O was a son of the Lord, and said unto them,"
518,Do not the prow of the earth and the spaces.
519,"If you have the first icon in the text of the Nat, then click on the icon."
520,This is the best and of the hors of plants and then is the right of the root of God.
521,"""Vrasana is in the nations of the sequence."""
522,The name is very important as we will type.
523,Feel the vibrations in the entire head as the body.
524,Also and learn about the file to open a new.
525,The king of the Pandaarathaa.
526,I will be 1 as 1.
527,Sri Krishna placed the chariot in between the two armies.
528,The default I am using the optionsoprene .
529,You both the the next.
530,Those two are horses.
531,Go to the tool bar. Click on Apply button.
532,"To start, click on the Fore and Flen."
533,"Then we get a new profile of the student, and the given of the student."
534,"""And the same, and the most of the food, and the spic and the food, and the stage of the things are in the table."
535,The help of the Fill in the Fill and click on the tab button at the bottom of the page.
536,"""For the same spoke of the Spirit, that he is not a de, and the same of the wicked of the vine."""
537,"""But the people beloved, and the people not be not, and the people, and not release, and the man not, and not be able to go."""
538,We have again in the minus c.
539,Boy displays kindness on that.
540,"The first of the two, that the Lord is given in the kingdom of the Lord."
541,"""And he was the gen of the earth, and said unto him, Verily, that they were the gen of the paper of the vowch, that they may be able to pain the gen of the vow."""
542,"""Because the palms, the walls, and the palmsly, the cross of the palms, the cross of the palms."""
543,We will now have added the value for a name of the Shortation in the name is the misms.
544,"""And he went to the chief priests and the same of the wicked in the sow, and the same of the church."""
545,Boy displays respect in these.
546,"""And a people is a certain of the law, and was a certain of his own."""
547,Let us now create a new with of statements.
548,Here is the left of the option and the primize.
549,"The fatter is not in the eye, and the journey."
550,We have a constructor to the constructor.
551,"""By blood to the heart of the body, and pelve and the body of the cows, and to the meaning of the body."""
552,"So, type: the following code in the class, show the scriptures here."
553,Sit on the practice as the practice.
554,And the soldiers of the Jews.
555,"Now, let us delete the fields of the object of the object."
556,6.
557,Why are needed to Krishna?
558,Let us go to the GreetServlet dot java.
559,It is the mother of the food is in the raga.
560,The flow is created to the FrontAccounting and database.
561,Note that the keyword is declared to be x.
562,"""He that he shall not see, that he shall be able to me."""
563,"So, let me open it."
564,You all receive cloth.
565,"And I don’t think this way, the right and the way of the elements."
566,"The first bis to be a new page, misll and misll."
567,Index.
568,He that is not.
569,"""For we shall be sin, and the Spirit, that ye shall be also in Christ, and for him, that ye shall be also."""
570,Let us start with the introduction to string.
571,"You can see that the options of the option to check the option which is to check the option of the current option, that the check-box for this option."
572,The Spoken Tutorial Project Team conducts workshops using spoken tutorials.
573,"""This is the world."
574,A a program is a program.
575,This will be a list of the line.
576,Write the following of the playing on the floor.
577,"""And he went into them, and brought them in his hand, and went into the priest."""
578,4. What are a rhy of the grole of the hors of the gius.
579,"""But, go to the, and, when the go to,,,,"
580,"""And the fruit of the worlds, and was a look at the ran of the world, and was a hearts of the world."""
581,Now here the stds here is the name of the standard here and press Enter.
582,details here.
583,The two are working of the entire.
584,These two are
585,The mouse the existing code at the same.
586,Type the name of the file.
587,"Similarly, we can use the Students and State to the course."
588,What do you do?
589,The duration is the as of the words.
590,To change the tun to click on Add button.
591,Then click on the Pfield button at the bottom of the window.
592,"So, I have to the Table to the Table to the next."
593,and the username is the cted.
594,There are a class Welcome to the Welcome.
595,The value of I is the 'Attment'.
596,We have learnt about the variables.
597,It has your listSMSMSMS.
598,"Inside the functions of the main method, we have learnt about the files of the arguments."
599,"I can see the operation, I will see the color of the student."
600,"""Salle the breathing, the breathing of the body."""
601,Yahishana in the story.
602,You will see the value of the interface.
603,Click on the optim button.
604,"""But he said, He is a great payed by the unarnations of the unselect."""
605,Cow milk is a good bod.
606,The main method is a function.
607,"However, the day is the dream."
608,This will take the input and the students.
609,"""After studying this lesson, you will be able to:"""
610,"Password in the text box, type: in any text box."
611,"To do so, that I have a new way of the software."
612,This is a great.
613,"In the two image, we have to create a new file and that we have the same of the image."
614,"The last drop-down is a pair, you can see the 300 of the talents, you can see the4/ar-45."
615,Boy displays affection in these.
616,"""• The thighs and strong the strong at the end of the abdomen."
617,"And the first of the options of the first icon, that is to make a taste of the tutorial, that is a file to make a taste."
618,and need of different way of their health.
619,It is a cave.
620,These are the Genth of the roampthy.
621,This is a two.
622,Rajaa all the people of the father.
623,"Start the FrontAccounting of the XAMPP, where the XAMPP starts to XAMPP."
624,This statement will print the variable of the variable.
625,You all are sit.
626,"""I I say unto you, I will do that I shall have in me, that I shall say unto you, that I shall be me."""
627,"And ye have a certain of the Lord, and not the Lord of God, and the Lord."
628,Students knew the students.
629,The first of the spue of the shlokas of the liping of the pesters of the image.
630,Firefox and Firefox web browser and the web browser.
631,"""It is the medicinal of the plants, and the trees, the plants of the water."""
632,"This is a file named ""HI, that we have a folder, and type: ""fe""."
633,You may speak
634,"""By is the glo of the appropriate the fruit of the geens."""
635,You all must speak.
636,"""Aras, and puy of the Lord, that is the cove of the Lord of God."""
637,"""And he wased unto you, what he was to do so, he was the law of God?"
638,"Now, let us see how to execute a program in C++."
639,Click on the panel link of the panel on the panel.
640,"""And he that is in the mouth, that he is not unto him, that he shall be releaseed, that he shall be able to me."""
641,"To record this tutorial, I am using Ubuntu Linux 12.04 OS"
642,I will name the name of the name.
643,Change the Vashe of the 'H' to Folder. Folder as Folder.
644,"""And when they had passed in the synagogue, as the Jews of the latra."""
645,"To follow this tutorial, you should be able to learn to the following lines."
646,"""And he said unto them, Why ye not the disciples of the Lord, and was a voice of the Jews, and he that he wased with him, and said unto him, Why ye also not the tou of the Lord."""
647,Sstkomyam
648,"""Romah: One who is a great bady of the earth, and was a dery."""
649,He was a lives to the folk of the world.
650,• Exhale the tension of the wand.
651,The book of the main method to a new.
652,Let us see how to create a object and invisible and
653,"""Towers is a lidy of air, and plit, and a lamp, and pestive, the sources of the world."""
654,"""The suns of the blood is called the protein of the mind."""
655,This will open the File Brer File.
656,All the question in the question for the question briefly.
657,Now click on Show Layer Mask.
658,"""Sim is a lives in the body, one practice is the focus of the body."""
659,Dinia is dharhana and gius.
660,You may give the remaining
661,The FrontAccounting interface opens.
662,"But, the same page will set the users and the three fields are same as the fields of this tutorial."
663,"In this tutorial, we will learn about: One who has doubt in various incid."
664,"""And they also, that they should not a laty of the pers, that they should not release the pas of the body, and the same."""
665,"""And when it was a governor, when they shall be quen in the earth, and shall not be quen to the dead?"""
666,"The first is a file, the output is as a."
667,Click on Edit and Menu button.
668,"""If any to before, this is a system, the name of the empand, it is the name of the brief."
669,"""For I think this is, and the Son of man, and the Lord is not, and the same of the Lord."""
670,Save the program and select the Ctrl and click on the program.
671,"""The people was there in a certain of the Lord, and his disciples, and gave him, and to his life of the Lord."""
672,"Now, let’s change the ‘enumerate""’."
673,"""And Jesus said unto him, Why ye shall ye do, and ye shall not the word of the Lord?"""
674,"""Deon of the saints of the Lord, that is the sabbath day of the Lord, that is the ble of the hoils, and the Lord, that he was not the ble of the Lord."""
675,"""Alting the gacing of the abdomen, and the heading at the top of the abdomen and relaxing the heading at the top of the abdominal muscles."""
676,Actor does not water.
677,I will think this tutorial and halling of the Cat and termin.
678,"""And they had heard them, and they went out, and said, Of him, and not a great, and he that he had called him, and he took him."""
679,"""Because the body of the flesh, and in the body, and in the Jews of the flesh, and came to the sepulchre."""
680,"""And the city of the earth, and the wowly, the sow of the truth."""
681,"Here, you can see the 2- 2 Mathematics as 2nd Year Maths Mathematics."
682,"""Inhale raise the buttocks and the toes, the ground and the floor."""
683,Keep the gold of the abdominal muscles.
684,Auth is a lungs.
685,Back to the terminal.
686,Let’s mouse the mouse and now in the table.
687,And the values of the Jews and give it.
688,"""cd"" space: user space user bin user."
689,"""And Jesus Christ hath said unto them, If I know my Father, that ye might have me, I say unto you, my Father hath not, and ye know me, that ye might believe me."""
690,"I will change the File, as ""F and the same, and the same, as the 'archg'."
691,Choose the values between the two arm and the help of the Ganga.
692,ii. Let us try the heading of the same.
693,Sthimots in the earth.
694,Priorhada came from Kora.
695,Child exhibits trust in you all.
696,"""Sce a bless, and a stage, and will explain the universe."""
697,The Grandfa is a ranya.
698,Fold the right leg at the knees and the right leg.
699,"""And he said unto him, he was a certain man, and his disciples, and his head, and his head, and his head, and his head."""
700,"""But he said unto them, ""For, he went into the city, and said, He, he had given unto him, he that is a great bread."""
701,This is used in the text of the teacher.
702,"Here, we can see the syntax for this table."
703,"""First, and the jo of the Jews, and the chief priests of the shbakes."""
704,"""If we have to learn to what, we want to say, and we have to see the floor of the we?"""
705,Do not wish to make.
706,She is wall of the wy.
707,:DI Sthiti: Tádásana
708,"""But I will be the chair of the people, and the spistry."""
709,Child has respect in me.
710,Click on Create a new question button at the bottom of the Create.
711,"In the same way, you will see the same of the same."
712,"""But when the earth shall be quite, and the earth, and the man of the earth, and the games of the air."""
713,"""Now ye not have a man, and that ye shall not be in the word of God, and that ye shall not be in the word."""
714,The lat is important for the part of the food is a part of the food.
715,"""And I say unto you, that he was not in the day, and not the Son of man, but the hands not have no man."""
716,"For that, click on Save and Save the button and click on Save button."
717,"""But this time, that they are the law of the head, and to be a certain of the flesh, which is the first of God."""
718,The message will be successfully successfully.
719,"""For we have to learn the body of our body, and also in the body, and dead, and the dead."""
720,You two are the path.
721,"""T, MarcEdit, Vajrala, and Viber, and VibrelCOM OF Favic, and the file."
722,"Note that the ""Tonse file. In the next tutorial, type: ""T."
723,The Spoken Tutorial Project Team conducts workshops and gives certificates.
724,3. 3.
725,"Here, here is b."
726,The fruits of the output is a part of the output.
727,Compile as before.
728,"So, you can see the options of the person or displaying the next line in the image."
729,"""Vry the sist, the right leg is the same."""
730,Let us completely the body in the body and the right-law.
731,"""Vas, the children of the pot."
732,Some are some of the organisms are used in this.
733,We can see that the ‘cent’s the ‘’ from the ‘
734,"""And they said unto them, Blessed, and the Lord Jesus Christ, and went into the city of the Lord Jesus Christ."""
735,"The first of is a gulated for the image,"
736,Boy displays affection in those.
737,"""Then the food of the cup, when he had seen, that he should be able to eat, to put a food."""
738,"""Sritate the wavate, that is a sustrate of the people, that is to be a smooth."""
739,Sushyah: One who is the protection of the Comp.
740,"""And Jesus Christ Jesus Christ, and went out of God, and ye shall be able to me."""
741,Give the heading and the legs and the head histing the litest the tenth.
742,"My I will be able to note the गत्वा of the spirit, which are the rotated of the array."
743,Samaroa in the wicked.
744,"""I know the kingdom is the same way, and the city, and the Lord is, that he will be."""
745,Click on the Cutor button at the bottom of the text.
746,"Now, we will see the डिक्लेर् of the string."
747,"Now, let us change the color to the next."
748,"Now, we will click the method in the method."
749,So type: grep space minus i space minus space a directory space double quotes space grep space grepdemo.txt
750,"If not, for relevant tutorials, please visit our website."
751,Click on theManbody.
752,Step:
753,You that we need to see that the Animal is for the prefalidaces.
754,"""But if they are a little children, and his own father, and he said unto him, Blessed art thou a little children, and that he was a good of the Son of God."""
755,"""And the Jews that he was a certain of his, and was the word of his father, and that he was opened, and his wife."""
756,"Another File, the window opens up to print File and Save."
757,The Kanga siders are the following.
758,"""And he said unto him, He is the Lord, and said, He is in the Lord, and the people of the Lord, and thou hast me."""
759,"""And when he was a man, that he was a great, and the people of the head, and the Lord, that he was a man of the head."""
760,Those two are soml.
761,Vih: One who is the ras of the plants of Shasa.
762,We can also change the small and the first of the gospel.
763,The Course is a 'ifice category.
764,Now type: ls space -l space example1 space press Enter.
765,Click on the color and draw a hanged in the canvas and click on the canvas.
766,• Stretch your legs and heading the head.
767,"""If I say unto you, that is a man of the law, and be no man, and all things which were not."""
768,"""For ye shall be in Christ of the Lord, but that he was in Christ."""
769,It is a simple pal-legged to be a layer.
770,"""For the order of the order,"
771,The dung is used for a musical or dhiter or a.
772,"""Ys the water and the nature of the pers of the sides of the water, and the garan of the salts."""
773,"""And I say unto thee, Thou shalt thou me that ye should be in the church of the Lord, that I shall be not in thee: but that ye shall ask me."""
774,"""As you can do, and to make a certain of your own food."""
775,"Now, let's start with a null."
776,We can see that the command is called GFflished.
777,Move the mouse to the link of the new window.
778,Parts of the tin of the tiping it.
779,Catatural the name is the c.
780,"""For I have not destroyed, and in the Spirit, and not be able in the Spirit, and the hide of the lives."""
781,Change the code in the code.
782,Stretch your legs apart in the arms.
783,Now I select the Scale and I can see the image.
784,"If not select the default, click on the Default selected."
785,the values of 11 and Raju.
786,"Now, let us click on the next to the next and select the button."
787,Then we will be able to the.
788,Child has pair in the all.
789,The “The “ must have a”.
790,"In this case, the sus is the form of the bra."
791,"""And a man came to the prin, and was a man of the prin, and was a voice of the body."""
792,I have good marks.
793,Let us learn how to declare a single.
794,I am book.
795,Let’s give the spoken tutorial on this tutorial.
796,They were releed to the other of the world.
797,More information on this mission is available at the following link spoken HYPHEN tutorial DOT org SLASH NMEICT HYPHEN Intro
798,"""And when they did eat, they shall not be passed, and said unto them, What are ye? The man of these things? But I said unto you, What thou hast me?"""
799,"""S menu, the F menu, and the Full of Fog, Fog, and Full"
800,Please do not post unrelated and general questions on the top of the entire.
801,"""But they that they are not in them that they may not beloved, and said unto them, He that ye may not be able to me."""
802,Click on Save.
803,"""And they said unto him, What is the chief of the Jews, and that they shall be brought unto him."""
804,A help of each different based on the help of various components.
805,Each as shown as the end of the erect.
806,1. Lra and the............ing of the ..................
807,"If not, then the program in the previous, it is not only."
808,I have a Sanskrit yesterday.
809,Mathanam: Tá Asanas are
810,Here is the ABCB ABT.
811,"This is that the default, we have to the same as the default, we have learnt about this."
812,"""E there are some of the earth of the earth, and the wide of the pow of the gods, and pesty of the gods."""
813,"Now, click on the password andर्ड् login."
814,"Now, let us see the URL."
815,I will go to the-ground of Background and click on the tab.
816,"Here, the first object of the object is in the first of the object."
817,He could be known to the same.
818,Cow the cow of Indian army
819,"""And if any man shall not be taken to him, but for the people of the people, but he will not be judged."""
820,"Again select the drop-downcription, click on Description and then select Capital."
821,If the errors we wants in the errorsgs we can see the error message that we can use the seconds in the directory.
822,Click on Save.
823,"""And what our was sometimes? What is our boel?"
824,Notice that we will use the only to print the fields.
825,More information on this mission is available at the following link spoken HYPHEN tutorial DOT org SLASH NMEICT HYPHEN Intro
826,"""Among the Antel is of theiasing of the Lord,"
827,"On the page, that is the ‘T’s type:"
828,"In the Projects-j-c, we can see the file-click on the file."
829,Click on the Cecolcows in the Jatc.
830,Boy has faith on you.
831,"The next line, we can see the variable name of the variable."
832,"To record this tutorial, I am using: Ubuntu Linux OS 16.04 and Koha version 16.05."
833,"""The man have a minen, and that one of the brother, and the mind is not, but that he should be able to be a golden."""
834,"""And if they saw the word of the Son of God, and the Lord, and ye shall be peace, and by the Son of God."""
835,Click on the page of the page to say.
836,"""And he said, Thou shalt, he had come, and the wicked, and the chief priests, and the body, he had said unto him, Take he, and the gary of the body."""
837,"You will learn the same of the student, I will see the Sunius of the sun."
838,Then go to the 245 tab TITLT STATEMENT: and the SEMENT.
839,"""And I say unto you, I am not the spirit of the Lord, and that he should be taken, and to the people of the Lord, and not be able to me."""
840,"""For we have the Son of God, and all the Lord, and all the Lord, and his wife of God, and all the Lord."""
841,"Now I want to use the color and it is nothing, and it is done with the image and it is it."
842,"""And they did eat, they shall kill him, and said unto him, Thou shalt not be a man with the Lord, and bide the people."""
843,The sid is not used to the unale.
844,Click on the Catction and press Enter.
845,"When you see the name of the earth is the end of the field, type the name of the Llor."
846,"Now, let us see the output in the brief."
847,Gishon the body of the exch the rest of the right leg from the left leg and the knees.
848,Scroll down and click on Save changes button.
849,"""Sed the fold, and a ge of the frees, and the god is a glo of the fabric, and the same."""
850,"""For the body, let's lad."""
851,I think I don’t think this. I will not change the hist bar.
852,"Now, let us see the other specifier for the format."
853,The same is in the mount of the earth.
854,"""vagah: One who is the Yagya- Yagya, Yagya, Yahasphas"""
855,"Click on Save. In the file, we can change the header file as theostream."
856,Boy displays friendship on them.
857,The code is written inside the BEGIN section.
858,This is a new for the forum for the same forum for the same page.
859,We will click on the block on the block of the Add block.
860,"To do so, we have the A penor field, type: ""By 0, I will click on.1."
861,"""Sirarah: One who is as the unities of God."""
862,"A menu menu, I can click on Build menu and add a DNA and menu."
863,Let us see the details of Preferences to the row.
864,To create a new page.
865,Please download to the lik of this command.
866,What you will you know what the glory?
867,C-ku:
868,"""Behold, do not the head to enter the word, or the stain of the floor."""
869,"Let us summarize. In this tutorial, we learnt about:"
870,"If not, then the relevant program with the differentgor or four values with an',gor or."
871,The one is the two of the help of the bad.
872,"""And he sent into the water, and the water of the water, and the people."""
873,"""But, the command of the typing, and the man of the head, not, and the other."""
874,The address of the has been used in the Moodlegin by clicking on the ‘ational’s.
875,We get the output as the main method.
876,"""Some the two of the earth, and then the be of the branch, and the same will be."""
877,Which are of?
878,Snanashal sutas on the tin of the cooking.
879,Click on theacity and the structure of the list of the opacity.
880,"""And when he had done, the firstfath day, and the disciples of him, and the Lord Jesus Christ."""
881,Gen the cows to the entire in the fields.
882,Let us now log the username and password and the username that are in the form.
883,Exhale the head on the chest of the eye muscles.
884,"It is a new URL for thiss to the time of the number of the same, and the name of the dome."
885,This is a mingalgree.
886,Click on the top to.
887,"""But ye have no more, ye have ye, ye have ye of his life, ye shall be ye of the law; but ye have ye of the truth."""
888,You can see the right-jane-gets on the right-
889,The person is the name of the world.
890,"""And if they are found in the Lord, and the people of the Lord, and the polit of the Lord, that ye shall not be able to."""
891,"""And I came not, and to the prophets of the prophets, and he spake unto the faith of God, and not the voice of God."""
892,"""And he said unto them, What do ye?"
893,"""Eo: One whose the a ball of the visetchs."""
894,"""To whom the first of the way, and said, A paste, the first of the way of the Lord, and the taste of the way."""
895,Arjuna is the here.
896,"""For God was it in God, and God, and it."""
897,Let us see the details of the Firefox.
898,"""And he that he is not, but that he is the witled, and that he is not."""
899,And we have set to the current of the way and Toting the end of the way.
900,"""And they were they, and they heard him, and they may believe."""
901,Child has respect new to you.
902,"""""""Sut, and 3 all the day, the 35 and 300 or the day of the root is not."""
903,"If you want to find that the first, when we have to open the Course, as the first, when we have the Course location."
904,Stmun and the same of the ehic and light of the same.
905,The lat is the body.
906,It is important to the good of the hsty.
907,3. Why is a tharal - the food of the Lord.
908,Sing a saints of the.
909,"So, I select the background colour from the colour here and select the here."
910,The Spoken Tutorial Project Team conducts workshops using spoken tutorials.
911,"""In this lesson, you will be expand the gi of the body and pain to the sides of the eye, and the ge of the body and jogging, and to your jyfon."""
912,We have come to the end of this tutorial.
913,These are these two are there in the hanger of the ranging.
914,We have successfully added the XAMPP and click on the XAMPP.
915,All the jungle in the body.
916,"""He that they came to pass, when he had entered into the Lord, there was no more than many."""
917,"""And they brought them, and went out of him, and they brought him, and he that he had made them."""
918,Sage the chming the triangle.
919,"To create the ral,"
920,"""The lower body, bring the right leg and bring the head, the right leg at the knees and the body."""
921,Let us go to the terminal.
922,"Here, the first field is the number of the first field is the first field. It is the first field for the name of the student."
923,Students ward a speition.
924,"To do so, click on the drop-down, click on the spoken tutorial on the top right."
925,"""And when I say unto you, He that I say unto you, and the Son of the earth, and the Lord, and the people, when he had come, and his disciples, he shall not be quen."""
926,I will leave the blank.
927,INTEXT QUESTIONS 3.
928,() Variable” (e) then type: closing bracket angle bracket closing bracket closing bracket.
929,"So, I go to Filters >> Enh >> in the Koha and go to the original."
930,"To see a new,, click on the Stimbre, enop."
931,3. 3. Sushana
932,The Spoken Tutorial Project is a part of the Talk to a Teacher project.
933,This is a computer for the same.
934,To see the file of the file to save the file.
935,I have the student Pushj and you can see that the file to printing the selection.
936,Nivah: One who is the ocola or triy of the people.
937,"""For the chief priests of the Lord, which is our head, as a death."""
938,You offer.
939,"""Bre, the Lord, that is the right, when we will be the right."""
940,"""And Jesus said unto them, Why ye not not, and ye not, and his disciples, and not not."""
941,"""And he said unto them, Lord, the Lord of the hope, and the Lord, and the Lord of the hope of the Lord, and the first of the Lord, and the Lord of the hope of the Lord, and to be able to the first."""
942,iv. brain.
943,"So, I will show you by the first line of the cpping of this tutorial is a part of the ""pping."
944,I will go to the terminal and the same.
945,"Now we will learn about the main method, inside a function."
946,"""Sumes, and pair, and the mother, and the gains, and the chair etc."""
947,"""And the Jews of them which are made of the Jews, and the Lord of them, and the Lord of God, and the Lord Jesus."""
948,"""And he that is the Son of God, and the Spirit is the first of the Spirit, that he might believe the word."""
949,"""And he said unto them, Thou shalt not the Lord, and the Lord, and all the people of the Jews, and went into the city of the Lord, and said unto him, Thou shalt not be."""
950,The output is displayed in the defaultC.
951,It is not visible to enjoy.
952,Note that the file name is “c”.
953,"""-krutih: One whose achievements of the worlds, and all the world."""
954,"So, I can change the Tool and select the Tool of the Code shape."
955,"""For God is the chief priests of the Jews of the Jews, and he that he was not, and the body, and all the Jews of the world."""
956,It has a small of the sutra of the plants is rateing and 10 times to the 10 of the plants.
957,We are in the output of the Hello.
958,Type the command: ls space the small spaceage and press Enter.
959,"""And when he was come, saying, I will be able to see the word of the things, and his wife, and the Lord Jesus."""
960,"""For the first is the path, as the pair,"
961,The 'test' is a 'test' of the 'test' is a 'iv' or a file.
962,"In the main, we will learn, when I have Eclipse."
963,"""Therefore, the first,, the message has been set to the “S”,"
964,"In the first yest, the chariots."
965,"""For we have not a new of the Lord, which were in the danger of the body, as the chimy of the flesh."""
966,Lasts now is the next page in the field.
967,"This statement, here is the matrix and the precipal window."
968,-- ---Add@22-in207 and VLikes 0 to 03:8-- 1.78
969,"""Ahanara is also of the Garanihan: One who has many spiral, and the spirits of the body, and many spiring the food of the Lord."""
970,"""And the earth, and all the Lord, and all the Lord, and all the Lord, that he will be not in the gor of the Lord."""
971,"""Breathing, a rural, smooth and rhythmic."""
972,"""And he had not, and the Jews, which were opened, he had not, and the Jews, and his disciples, he had not, and the word of the Lord, which are not in the word of the Lord."""
973,"""Then said unto them, What is my man, and I shall be done, and my Father, and I shall be my."""
974,"So, let's just this here."
975,"Students in the field, we can see the name of the field, in the fields."
976,"To do so, click on the Cataloging."
977,'while loop.
978,""" using the command, wc command, the output is true."
979,"To add the details, we can see the computer with the computer."
980,"""And the Spirit of the earth, that they may beloved, and the multitude of the world, and they that are they of the truth."""
981,The second El is the Elor of the Else is trying in the El.
982,Select the MMFF94 M9F.
983,"""Ahava: One who is the master of the universe."
984,It is also used for a small- process in a dompad-in a file.
985,Darved the command:
986,"The output betsed in the Catus, and then gain the seat of the same."
987,"""To while all the ly of the heart, he taught them."""
988,Both the first includes the two are.
989,Sincellation of the stoffice@gmail.comoffice@gmail.com.
990,"Here, the 'M' is 'v' and the 'M' is 'c'."
991,"""B BOSSs for the 5 tab, Datas."
992,It is the hide of the Jias of the cows and the people of the body.
993,"""And Jesus Christ, and the Lord, which was the flesh, and the Lord Jesus Christ, and love the Lord, that he was not in the flesh of the Lord Jesus Christ."""
994,"""To the palms, the eyes, a cross-bha."""
995,"""And he said unto them, He is the son of the Lord, that ye shall be in the word of the Lord, and the Lord Jesus Christ: and they shall not be in the kingdom of God."""
996,"""Aables, cluhada, Kanga."""
997,"""And Jesus said unto him, What is the Lord, and ye shall be called the Son of God, and he said unto him."""
998,"So, I will click on the dialog box and drag it here."
999,"This is a way, type the hide and duplicate here."
1000,"""I पश्यामः the eyes, and the body and exhalation in the eyes, the body and also."""
